	timeid	src	dst	delay	packetloss	link_usage	free_bandwidth
0	0	5	7		1.0	0.0	0.0
1	0	5	6		2.0	0.0	0.0
2	0	1	4		3.0	0.0	0.0
3	0	1	7		4.0	0.0	0.0
4	0	20	19		4.0	0.0	0.0
5	0	19	20		4.0	0.0	0.0
6	0	6	9		2.0	0.0	0.0
7	0	6	5		2.0	0.0	0.0
8	0	4	3		4.0	0.0	0.0
9	0	4	1		3.0	0.0	0.0
10	0	8	2		0.0	0.0	0.0
11	0	9	6		2.0	0.0	0.0
12	0	3	4		4.0	0.0	0.0
13	0	2	8		0.0	0.0	0.0
14	0	7	5		1.0	0.0	0.0
15	0	7	1		4.0	0.0	0.0
16	1	5	7	10.9175443649292	1.0	0.0	0.0
17	1	5	6		2.0	0.0	0.0
18	1	1	4		3.0	0.0	0.0
19	1	1	7		4.0	0.0	0.0
20	1	20	19		4.0	0.0	0.0
21	1	19	20		4.0	0.0	0.0
22	1	6	9		2.0	0.0	0.0
23	1	6	5		2.0	0.0	0.0
24	1	4	3		4.0	0.0	0.0
25	1	4	1		3.0	0.0	0.0
26	1	8	2		0.0	0.0	0.0
27	1	9	6		2.0	0.0	0.0
28	1	3	4		4.0	0.0	0.0
29	1	2	8		0.0	0.0	0.0
30	1	7	5		1.0	0.0	0.0
31	1	7	1		4.0	0.0	0.0
32	2	5	7	15.466928482055664	1.0	0.00031989336887704097	0.00032978697822375356
33	2	5	6	24.310946464538574	2.0	0.0003198933688770409	0.0005421921506390524
34	2	1	4	44.5479154586792	3.0	0.0015882744836775483	0.0018685582160912332
35	2	1	7	43.457984924316406	4.0	0.00031989336887704097	0.00032978697822375356
36	2	20	19	23.57637882232666	4.0	0.001401732178547635	0.0018689762380635134
37	2	19	20	23.57637882232666	4.0	0.001401732178547635	0.0018689762380635134
38	2	6	9	7.4034929275512695	2.0	0.00015994668443852048	0.00016661112962345885
39	2	6	5	24.310946464538574	2.0	0.0003198933688770409	0.0005421921506390524
40	2	4	3	26.97312831878662	4.0	0.0005331556147950684	0.000627241899758904
41	2	4	1	44.5479154586792	3.0	0.0015882744836775483	0.0018685582160912332
42	2	8	2	25.773167610168457	0.0	0.0006931022992335888	0.0011001623797358552
43	2	9	6	7.4034929275512695	2.0	0.00015994668443852048	0.00016661112962345885
44	2	3	4	26.97312831878662	4.0	0.0005331556147950684	0.000627241899758904
45	2	2	8	25.773167610168457	0.0	0.0006931022992335888	0.0011001623797358552
46	2	7	5	15.466928482055664	1.0	0.00031989336887704097	0.00032978697822375356
47	2	7	1	43.457984924316406	4.0	0.00031989336887704097	0.00032978697822375356
48	3	5	7	12.910604476928711	1.0	0.0005331556147950683	0.0005496449637062559
49	3	5	6	28.870344161987305	2.0	0.0005331556147950683	0.0009036535843984207
50	3	1	4	43.91515254974365	3.0	0.00015994668443852046	0.00018817256992767112
51	3	1	7	42.76454448699951	4.0	0.0010819453697534977	0.0011154075976840183
52	3	20	19	21.932244300842285	4.0	0.0003198933688770409	0.00042652449183605453
53	3	19	20	21.932244300842285	4.0	0.0003198933688770409	0.00042652449183605453
54	3	6	9	14.994025230407715	2.0	0.0006931022992335888	0.0007219815617016549
55	3	6	5	28.870344161987305	2.0	0.0005331556147950683	0.0009036535843984207
56	3	4	3	25.812864303588867	4.0	0.0014021992669110295	0.0016496461963659173
57	3	4	1	43.91515254974365	3.0	0.00015994668443852046	0.00018817256992767112
58	3	8	2	24.61683750152588	0.0	0.00140219926691103	0.002225713122081
59	3	9	6	14.994025230407715	2.0	0.0006931022992335888	0.0007219815617016549
60	3	3	4	25.812864303588867	4.0	0.0014021992669110295	0.0016496461963659173
61	3	2	8	24.61683750152588	0.0	0.00140219926691103	0.002225713122081
62	3	7	5	12.910604476928711	1.0	0.0005331556147950683	0.0005496449637062559
63	3	7	1	42.76454448699951	4.0	0.0010819453697534977	0.0011154075976840183
64	4	5	7	12.910604476928711	1.0	0.0014026666666666666	0.0014460481099656357
65	4	5	6	28.870344161987305	2.0	0.0012426666666666667	0.0021062146892655365
66	4	1	4	43.91515254974365	3.0	0.000319893368877041	0.0003763451398553424
67	4	1	7	42.76454448699951	4.0	0.00032	0.0003298969072164949
68	4	20	19	21.932244300842285	4.0	0.0005333333333333334	0.0007111111111111111
69	4	19	20	21.932244300842285	4.0	0.0005333333333333334	0.0007111111111111111
70	4	6	9	14.994025230407715	2.0	0.0014031343781260419	0.0014615983105479603
71	4	6	5	28.870344161987305	2.0	0.0012426666666666667	0.0021062146892655365
72	4	4	3	25.812864303588867	4.0	0.0001599466844385205	0.0001881725699276712
73	4	4	1	43.91515254974365	3.0	0.000319893368877041	0.0003763451398553424
74	4	8	2	24.61683750152588	0.0	0.00015978695073235686	0.0002536300805275506
75	4	9	6	14.994025230407715	2.0	0.0014031343781260419	0.0014615983105479603
76	4	3	4	25.812864303588867	4.0	0.0001599466844385205	0.0001881725699276712
77	4	2	8	24.61683750152588	0.0	0.00015978695073235686	0.0002536300805275506
78	4	7	5	12.910604476928711	1.0	0.0014026666666666666	0.0014460481099656357
79	4	7	1	42.76454448699951	4.0	0.00032	0.0003298969072164949
80	5	5	7	13.015031814575195	1.0	0.00015994668443852043	0.00016489348911187673
81	5	5	6	28.86974811553955	2.0	0.0003196803196803197	0.0005418310503056266
82	5	1	4	43.56503486633301	3.0	0.0003196803196803197	0.0003760944937415526
83	5	1	7	42.78767108917236	4.0	0.0001598934043970686	0.00016483856123409134
84	5	20	19	21.626710891723633	4.0	0.0010815850815850821	0.001442113442113443
85	5	19	20	21.626710891723633	4.0	0.0010815850815850821	0.001442113442113443
86	5	6	9	14.725685119628906	2.0	0.00015984015984015984	0.0001665001665001665
87	5	6	5	28.86974811553955	2.0	0.0003196803196803197	0.0005418310503056266
88	5	4	3	25.618314743041992	4.0	0.00031989336887704086	0.0003763451398553422
89	5	4	1	43.56503486633301	3.0	0.0003196803196803197	0.0003760944937415526
90	5	8	2	24.638056755065918	0.0	0.0003196803196803197	0.0005074290788576503
91	5	9	6	14.725685119628906	2.0	0.00015984015984015984	0.0001665001665001665
92	5	3	4	25.618314743041992	4.0	0.00031989336887704086	0.0003763451398553422
93	5	2	8	24.638056755065918	0.0	0.0003196803196803197	0.0005074290788576503
94	5	7	5	13.015031814575195	1.0	0.00015994668443852043	0.00016489348911187673
95	5	7	1	42.78767108917236	4.0	0.0001598934043970686	0.00016483856123409134
96	6	5	7	12.837767601013184	1.0	0.00015994668443852043	0.00016489348911187673
97	6	5	6	28.998613357543945	2.0	0.00031989336887704086	0.0005421921506390524
98	6	1	4	43.63095760345459	3.0	0.0	0.0
99	6	1	7	42.78409481048584	4.0	0.000693102299233589	0.000714538452818133
100	6	20	19	21.746158599853516	4.0	0.00031989336887704086	0.0004265244918360545
101	6	19	20	21.746158599853516	4.0	0.00031989336887704086	0.0004265244918360545
102	6	6	9	14.756321907043457	2.0	0.00031989336887704086	0.00033322225924691754
103	6	6	5	28.998613357543945	2.0	0.00031989336887704086	0.0005421921506390524
104	6	4	3	25.51853656768799	4.0	0.000319893368877041	0.0003763451398553424
105	6	4	1	43.63095760345459	3.0	0.0	0.0
106	6	8	2	24.893641471862793	0.0	0.00015994668443852043	0.00025388362609288955
107	6	9	6	14.756321907043457	2.0	0.00031989336887704086	0.00033322225924691754
108	6	3	4	25.51853656768799	4.0	0.000319893368877041	0.0003763451398553424
109	6	2	8	24.893641471862793	0.0	0.00015994668443852043	0.00025388362609288955
110	6	7	5	12.837767601013184	1.0	0.00015994668443852043	0.00016489348911187673
111	6	7	1	42.78409481048584	4.0	0.000693102299233589	0.000714538452818133
112	7	5	7	12.910008430480957	1.0	0.00031978680879413737	0.00032967712246818285
113	7	5	6	28.689265251159668	2.0	0.00031978680879413737	0.0005420115403290464
114	7	1	4	43.84756088256836	3.0	0.0005063291139240509	0.0005956813104988835
115	7	1	7	42.97184944152832	4.0	0.00031978680879413693	0.0003296771224681824
116	7	20	19	21.64304256439209	4.0	0.00031989336887704086	0.0004265244918360545
117	7	19	20	21.64304256439209	4.0	0.00031989336887704086	0.0004265244918360545
118	7	6	9	14.786601066589355	2.0	0.00015994668443852043	0.00016661112962345877
119	7	6	5	28.689265251159668	2.0	0.00031978680879413737	0.0005420115403290464
120	7	4	3	25.815725326538086	4.0	0.0005063291139240502	0.0005956813104988827
121	7	4	1	43.84756088256836	3.0	0.0005063291139240509	0.0005956813104988835
122	7	8	2	24.785280227661133	0.0	0.0005064978340553147	0.0008039648159608169
123	7	9	6	14.786601066589355	2.0	0.00015994668443852043	0.00016661112962345877
124	7	3	4	25.815725326538086	4.0	0.0005063291139240502	0.0005956813104988827
125	7	2	8	24.785280227661133	0.0	0.0005064978340553147	0.0008039648159608169
126	7	7	5	12.910008430480957	1.0	0.00031978680879413737	0.00032967712246818285
127	7	7	1	42.97184944152832	4.0	0.00031978680879413693	0.0003296771224681824
128	8	5	7	12.910008430480957	1.0	0.00015994668443852043	0.00016489348911187673
129	8	5	6	28.689265251159668	2.0	0.0003464357095269821	0.0005871791686898003
130	8	1	4	43.84756088256836	3.0	0.001588803732089303	0.0018691808612815329
131	8	1	7	42.97184944152832	4.0	0.0012422525824725087	0.001280672765435576
132	8	20	19	21.64304256439209	4.0	0.00031978680879413737	0.0004263824117255165
133	8	19	20	21.64304256439209	4.0	0.00031978680879413737	0.0004263824117255165
134	8	6	9	14.786601066589355	2.0	0.00031978680879413693	0.0003331112591605593
135	8	6	5	28.689265251159668	2.0	0.0003464357095269821	0.0005871791686898003
136	8	4	3	25.815725326538086	4.0	0.0003464357095269821	0.0004075714229729201
137	8	4	1	43.84756088256836	3.0	0.001588803732089303	0.0018691808612815329
138	8	8	2	24.785280227661133	0.0	0.0014017321785476339	0.002224971711980371
139	8	9	6	14.786601066589355	2.0	0.00031978680879413693	0.0003331112591605593
140	8	3	4	25.815725326538086	4.0	0.0003464357095269821	0.0004075714229729201
141	8	2	8	24.785280227661133	0.0	0.0014017321785476339	0.002224971711980371
142	8	7	5	12.910008430480957	1.0	0.00015994668443852043	0.00016489348911187673
143	8	7	1	42.97184944152832	4.0	0.0012422525824725087	0.001280672765435576
144	9	5	7	13.010382652282715	1.0	0.0017730449251247926	0.0018278813661080336
145	9	5	6	29.001474380493164	2.0	0.001588803732089303	0.002692887681507293
146	9	1	4	44.04294490814209	3.0	0.00016	0.00018823529411764707
147	9	1	7	42.96696186065674	4.0	0.00015978695073235678	0.0001647288151879967
148	9	20	19	22.136688232421875	4.0	0.00032	0.00042666666666666667
149	9	19	20	22.136688232421875	4.0	0.00032	0.00042666666666666667
150	9	6	9	15.081405639648438	2.0	0.0015872170439414127	0.0016533510874389716
151	9	6	5	29.001474380493164	2.0	0.001588803732089303	0.002692887681507293
152	9	4	3	25.965452194213867	4.0	0.0014007989347536612	0.0016479987467690133
153	9	4	1	44.04294490814209	3.0	0.00016	0.00018823529411764707
154	9	8	2	25.226831436157227	0.0	0.0005068356118706237	0.0008045009712232122
155	9	9	6	15.081405639648438	2.0	0.0015872170439414127	0.0016533510874389716
156	9	3	4	25.965452194213867	4.0	0.0014007989347536612	0.0016479987467690133
157	9	2	8	25.226831436157227	0.0	0.0005068356118706237	0.0008045009712232122
158	9	7	5	13.010382652282715	1.0	0.0017730449251247926	0.0018278813661080336
159	9	7	1	42.96696186065674	4.0	0.00015978695073235678	0.0001647288151879967
160	10	5	7	12.58087158203125	1.0	0.00032	0.0003298969072164949
161	10	5	6	28.464436531066895	2.0	0.0001599466844385206	0.0002710960753195264
162	10	1	4	43.9295768737793	3.0	0.00031989336887704086	0.0003763451398553422
163	10	1	7	42.729973793029785	4.0	0.0003198933688770412	0.00032978697822375383
164	10	20	19	21.605849266052246	4.0	0.0014288570476507826	0.0019051427302010434
165	10	19	20	21.605849266052246	4.0	0.0014288570476507826	0.0019051427302010434
166	10	6	9	14.835357666015625	2.0	0.0003465511496167942	0.0003609907808508273
167	10	6	5	28.464436531066895	2.0	0.0001599466844385206	0.0002710960753195264
168	10	4	3	25.66850185394287	4.0	0.00015994668443852043	0.0001881725699276711
169	10	4	1	43.9295768737793	3.0	0.00031989336887704086	0.0003763451398553422
170	10	8	2	24.755358695983887	0.0	0.00015994668443852043	0.00025388362609288955
171	10	9	6	14.835357666015625	2.0	0.0003465511496167942	0.0003609907808508273
172	10	3	4	25.66850185394287	4.0	0.00015994668443852043	0.0001881725699276711
173	10	2	8	24.755358695983887	0.0	0.00015994668443852043	0.00025388362609288955
174	10	7	5	12.58087158203125	1.0	0.00032	0.0003298969072164949
175	10	7	1	42.729973793029785	4.0	0.0003198933688770412	0.00032978697822375383
176	11	5	7	12.761116027832031	1.0	0.00015989340439706868	0.00016483856123409142
177	11	5	6	28.768181800842285	2.0	0.00031978680879413693	0.0005420115403290456
178	11	1	4	43.951988220214844	3.0	0.00015984015984016003	0.0001880472468707765
179	11	1	7	42.928099632263184	4.0	0.0003196803196803193	0.00032956733987661785
180	11	20	19	21.667122840881348	4.0	0.00015984015984015984	0.00021312021312021312
181	11	19	20	21.667122840881348	4.0	0.00015984015984015984	0.00021312021312021312
182	11	6	9	14.618635177612305	2.0	0.00031978680879413737	0.00033311125916055974
183	11	6	5	28.768181800842285	2.0	0.00031978680879413693	0.0005420115403290456
184	11	4	3	25.535941123962402	4.0	0.00031978680879413693	0.0003762197750519258
185	11	4	1	43.951988220214844	3.0	0.00015984015984016003	0.0001880472468707765
186	11	8	2	24.994373321533203	0.0	0.00031978680879413737	0.0005075981091970434
187	11	9	6	14.618635177612305	2.0	0.00031978680879413737	0.00033311125916055974
188	11	3	4	25.535941123962402	4.0	0.00031978680879413693	0.0003762197750519258
189	11	2	8	24.994373321533203	0.0	0.00031978680879413737	0.0005075981091970434
190	11	7	5	12.761116027832031	1.0	0.00015989340439706868	0.00016483856123409142
191	11	7	1	42.928099632263184	4.0	0.0003196803196803193	0.00032956733987661785
192	12	5	7	12.761116027832031	1.0	0.0003198933688770412	0.00032978697822375383
193	12	5	6	28.768181800842285	2.0	0.0003198933688770405	0.0005421921506390516
194	12	1	4	43.951988220214844	3.0	0.0003198933688770405	0.00037634513985534176
195	12	1	7	42.928099632263184	4.0	0.0003198933688770412	0.00032978697822375383
196	12	20	19	21.667122840881348	4.0	0.0003198933688770412	0.00042652449183605486
197	12	19	20	21.667122840881348	4.0	0.0003198933688770412	0.00042652449183605486
198	12	6	9	14.618635177612305	2.0	0.00031978680879413693	0.0003331112591605593
199	12	6	5	28.768181800842285	2.0	0.0003198933688770405	0.0005421921506390516
200	12	4	3	25.535941123962402	4.0	0.0003198933688770405	0.00037634513985534176
201	12	4	1	43.951988220214844	3.0	0.0003198933688770405	0.00037634513985534176
202	12	8	2	24.994373321533203	0.0	0.00015994668443852024	0.0002538836260928893
203	12	9	6	14.618635177612305	2.0	0.00031978680879413693	0.0003331112591605593
204	12	3	4	25.535941123962402	4.0	0.0003198933688770405	0.00037634513985534176
205	12	2	8	24.994373321533203	0.0	0.00015994668443852024	0.0002538836260928893
206	12	7	5	12.761116027832031	1.0	0.0003198933688770412	0.00032978697822375383
207	12	7	1	42.928099632263184	4.0	0.0003198933688770412	0.00032978697822375383
208	13	5	7	12.569904327392578	1.0	0.0003198933688770405	0.0003297869782237531
209	13	5	6	28.676629066467285	2.0	0.0003198933688770412	0.0005421921506390528
210	13	1	4	43.727993965148926	3.0	0.00032	0.00037647058823529414
211	13	1	7	42.61958599090576	4.0	0.0003198933688770412	0.00032978697822375383
212	13	20	19	21.71647548675537	4.0	0.00032	0.00042666666666666667
213	13	19	20	21.71647548675537	4.0	0.00032	0.00042666666666666667
214	13	6	9	14.57822322845459	2.0	0.00016	0.0001666666666666667
215	13	6	5	28.676629066467285	2.0	0.0003198933688770412	0.0005421921506390528
216	13	4	3	25.483369827270508	4.0	0.0001599466844385206	0.0001881725699276713
217	13	4	1	43.727993965148926	3.0	0.00032	0.00037647058823529414
218	13	8	2	24.671435356140137	0.0	0.0003198933688770412	0.0005077672521857796
219	13	9	6	14.57822322845459	2.0	0.00016	0.0001666666666666667
220	13	3	4	25.483369827270508	4.0	0.0001599466844385206	0.0001881725699276713
221	13	2	8	24.671435356140137	0.0	0.0003198933688770412	0.0005077672521857796
222	13	7	5	12.569904327392578	1.0	0.0003198933688770405	0.0003297869782237531
223	13	7	1	42.61958599090576	4.0	0.0003198933688770412	0.00032978697822375383
224	14	5	7	12.533187866210938	1.0	0.0001597337770382694	0.00016467399694666948
225	14	5	6	28.52606773376465	2.0	0.0001599466844385206	0.0002710960753195264
226	14	1	4	43.845534324645996	3.0	0.00016	0.00018823529411764707
227	14	1	7	42.65439510345459	4.0	0.0001597337770382694	0.00016467399694666948
228	14	20	19	21.59273624420166	4.0	0.00032	0.00042666666666666667
229	14	19	20	21.59273624420166	4.0	0.00032	0.00042666666666666667
230	14	6	9	14.561057090759277	2.0	0.0003194675540765388	0.00033277870216306125
231	14	6	5	28.52606773376465	2.0	0.0001599466844385206	0.0002710960753195264
232	14	4	3	25.544166564941406	4.0	0.000319573901464714	0.00037596929584084
233	14	4	1	43.845534324645996	3.0	0.00016	0.00018823529411764707
234	14	8	2	24.568796157836914	0.0	0.00032	0.000507936507936508
235	14	9	6	14.561057090759277	2.0	0.0003194675540765388	0.00033277870216306125
236	14	3	4	25.544166564941406	4.0	0.000319573901464714	0.00037596929584084
237	14	2	8	24.568796157836914	0.0	0.00032	0.000507936507936508
238	14	7	5	12.533187866210938	1.0	0.0001597337770382694	0.00016467399694666948
239	14	7	1	42.65439510345459	4.0	0.0001597337770382694	0.00016467399694666948
240	15	5	7	12.758851051330566	1.0	0.0003198933688770412	0.00032978697822375383
241	15	5	6	28.65743637084961	2.0	0.00015984015984015984	0.0002709155251528133
242	15	1	4	43.839216232299805	3.0	0.0003196803196803197	0.0003760944937415526
243	15	1	7	42.57535934448242	4.0	0.00015989340439706847	0.0001648385612340912
244	15	20	19	21.78025245666504	4.0	0.00031978680879413693	0.00042638241172551593
245	15	19	20	21.78025245666504	4.0	0.00031978680879413693	0.00042638241172551593
246	15	6	9	14.669418334960938	2.0	0.0003196803196803197	0.000333000333000333
247	15	6	5	28.65743637084961	2.0	0.00015984015984015984	0.0002709155251528133
248	15	4	3	25.568604469299316	4.0	0.00015989340439706847	0.0001881098875259629
249	15	4	1	43.839216232299805	3.0	0.0003196803196803197	0.0003760944937415526
250	15	8	2	24.713635444641113	0.0	0.00015984015984015984	0.00025371453942882517
251	15	9	6	14.669418334960938	2.0	0.0003196803196803197	0.000333000333000333
252	15	3	4	25.568604469299316	4.0	0.00015989340439706847	0.0001881098875259629
253	15	2	8	24.713635444641113	0.0	0.00015984015984015984	0.00025371453942882517
254	15	7	5	12.758851051330566	1.0	0.0003198933688770412	0.00032978697822375383
255	15	7	1	42.57535934448242	4.0	0.00015989340439706847	0.0001648385612340912
256	16	5	7	12.758851051330566	1.0	0.0	0.0
257	16	5	6	28.65743637084961	2.0	0.0003198933688770412	0.0005421921506390528
258	16	1	4	43.839216232299805	3.0	0.0003198933688770405	0.00037634513985534176
259	16	1	7	42.57535934448242	4.0	0.0005058236272878531	0.0005214676569977868
260	16	20	19	21.78025245666504	4.0	0.0	0.0
261	16	19	20	21.78025245666504	4.0	0.0	0.0
262	16	6	9	14.669418334960938	2.0	0.0001597337770382694	0.00016638935108153062
263	16	6	5	28.65743637084961	2.0	0.0003198933688770412	0.0005421921506390528
264	16	4	3	25.568604469299316	4.0	0.00015973377703826978	0.00018792209063325858
265	16	4	1	43.839216232299805	3.0	0.0003198933688770405	0.00037634513985534176
266	16	8	2	24.713635444641113	0.0	0.00032	0.000507936507936508
267	16	9	6	14.669418334960938	2.0	0.0001597337770382694	0.00016638935108153062
268	16	3	4	25.568604469299316	4.0	0.00015973377703826978	0.00018792209063325858
269	16	2	8	24.713635444641113	0.0	0.00032	0.000507936507936508
270	16	7	5	12.758851051330566	1.0	0.0	0.0
271	16	7	1	42.57535934448242	4.0	0.0005058236272878531	0.0005214676569977868
272	17	5	7	12.571215629577637	1.0	0.0003198933688770412	0.00032978697822375383
273	17	5	6	28.56624126434326	2.0	0.00031978680879413775	0.000542011540329047
274	17	1	4	43.56670379638672	3.0	0.00015994668443852024	0.00018817256992767088
275	17	1	7	42.574524879455566	4.0	0.0005064978340553153	0.0005221627155209437
276	17	20	19	21.67809009552002	4.0	0.00031978680879413693	0.00042638241172551593
277	17	19	20	21.67809009552002	4.0	0.00031978680879413693	0.00042638241172551593
278	17	6	9	14.583587646484375	2.0	0.00031978680879413693	0.0003331112591605593
279	17	6	5	28.56624126434326	2.0	0.00031978680879413775	0.000542011540329047
280	17	4	3	25.575876235961914	4.0	0.0003198933688770412	0.0003763451398553426
281	17	4	1	43.56670379638672	3.0	0.00015994668443852024	0.00018817256992767088
282	17	8	2	24.533987045288086	0.0	0.00031978680879413775	0.000507598109197044
283	17	9	6	14.583587646484375	2.0	0.00031978680879413693	0.0003331112591605593
284	17	3	4	25.575876235961914	4.0	0.0003198933688770412	0.0003763451398553426
285	17	2	8	24.533987045288086	0.0	0.00031978680879413775	0.000507598109197044
286	17	7	5	12.571215629577637	1.0	0.0003198933688770412	0.00032978697822375383
287	17	7	1	42.574524879455566	4.0	0.0005064978340553153	0.0005221627155209437
288	18	5	7	12.754440307617188	1.0	0.0003198933688770412	0.00032978697822375383
289	18	5	6	29.03127670288086	2.0	0.0003198933688770405	0.0005421921506390516
290	18	1	4	43.89381408691406	3.0	0.0015888037320893047	0.0018691808612815348
291	18	1	7	43.213605880737305	4.0	0.0003198933688770405	0.0003297869782237531
292	18	20	19	21.5836763381958	4.0	0.0003198933688770405	0.00042652449183605394
293	18	19	20	21.5836763381958	4.0	0.0003198933688770405	0.00042652449183605394
294	18	6	9	14.805316925048828	2.0	0.00016	0.0001666666666666667
295	18	6	5	29.03127670288086	2.0	0.0003198933688770405	0.0005421921506390516
296	18	4	3	25.74336528778076	4.0	0.0005064978340553141	0.0005958798047709578
297	18	4	1	43.89381408691406	3.0	0.0015888037320893047	0.0018691808612815348
298	18	8	2	24.534940719604492	0.0	0.00034666666666666667	0.0005502645502645502
299	18	9	6	14.805316925048828	2.0	0.00016	0.0001666666666666667
300	18	3	4	25.74336528778076	4.0	0.0005064978340553141	0.0005958798047709578
301	18	2	8	24.534940719604492	0.0	0.00034666666666666667	0.0005502645502645502
302	18	7	5	12.754440307617188	1.0	0.0003198933688770412	0.00032978697822375383
303	18	7	1	43.213605880737305	4.0	0.0003198933688770405	0.0003297869782237531
304	19	5	7	12.22085952758789	1.0	0.00032	0.0003298969072164949
305	19	5	6	28.112173080444336	2.0	0.00034655114961679384	0.0005873748298589727
306	19	1	4	43.28763484954834	3.0	0.00032	0.00037647058823529414
307	19	1	7	42.2971248626709	4.0	0.0014021992669110306	0.0014455662545474542
308	19	20	19	21.605849266052246	4.0	0.0003198933688770412	0.00042652449183605486
309	19	19	20	21.605849266052246	4.0	0.0003198933688770412	0.00042652449183605486
310	19	6	9	14.331221580505371	2.0	0.0003198933688770412	0.0003332222592469179
311	19	6	5	28.112173080444336	2.0	0.00034655114961679384	0.0005873748298589727
312	19	4	3	25.426626205444336	4.0	0.0014288570476507806	0.0016810082913538598
313	19	4	1	43.28763484954834	3.0	0.00032	0.00037647058823529414
314	19	8	2	24.242639541625977	0.0	0.0014021992669110276	0.002225713122080996
315	19	9	6	14.331221580505371	2.0	0.0003198933688770412	0.0003332222592469179
316	19	3	4	25.426626205444336	4.0	0.0014288570476507806	0.0016810082913538598
317	19	2	8	24.242639541625977	0.0	0.0014021992669110276	0.002225713122080996
318	19	7	5	12.22085952758789	1.0	0.00032	0.0003298969072164949
319	19	7	1	42.2971248626709	4.0	0.0014021992669110306	0.0014455662545474542
320	20	5	7	12.22085952758789	1.0	0.0014283810792804787	0.0014725578136912153
321	20	5	6	28.112173080444336	2.0	0.0012418387741505682	0.0021048114816111328
322	20	1	4	43.28763484954834	3.0	0.00015989340439706847	0.0001881098875259629
323	20	1	7	42.2971248626709	4.0	0.0	0.0
324	20	20	19	21.605849266052246	4.0	0.0003198933688770412	0.00042652449183605486
325	20	19	20	21.605849266052246	4.0	0.0003198933688770412	0.00042652449183605486
326	20	6	9	14.331221580505371	2.0	0.0008610463178940339	0.0008969232478062852
327	20	6	5	28.112173080444336	2.0	0.0012418387741505682	0.0021048114816111328
328	20	4	3	25.426626205444336	4.0	0.00031978680879413775	0.00037621977505192673
329	20	4	1	43.28763484954834	3.0	0.00015989340439706847	0.0001881098875259629
330	20	8	2	24.242639541625977	0.0	0.0003198933688770405	0.0005077672521857786
331	20	9	6	14.331221580505371	2.0	0.0008610463178940339	0.0008969232478062852
332	20	3	4	25.426626205444336	4.0	0.00031978680879413775	0.00037621977505192673
333	20	2	8	24.242639541625977	0.0	0.0003198933688770405	0.0005077672521857786
334	20	7	5	12.22085952758789	1.0	0.0014283810792804787	0.0014725578136912153
335	20	7	1	42.2971248626709	4.0	0.0	0.0
336	21	5	7	12.915849685668945	1.0	0.0005064978340553153	0.0005221627155209437
337	21	5	6	28.82850170135498	2.0	0.00034655114961679384	0.0005873748298589727
338	21	1	4	43.85340213775635	3.0	0.0003198933688770412	0.0003763451398553426
339	21	1	7	42.59657859802246	4.0	0.0003198933688770405	0.0003297869782237531
340	21	20	19	22.042512893676758	4.0	0.0014288570476507806	0.001905142730201041
341	21	19	20	22.042512893676758	4.0	0.0014288570476507806	0.001905142730201041
342	21	6	9	14.916062355041504	2.0	0.0005064978340553153	0.0005276019104742868
343	21	6	5	28.82850170135498	2.0	0.00034655114961679384	0.0005873748298589727
344	21	4	3	25.588393211364746	4.0	0.00015994668443852024	0.00018817256992767088
345	21	4	1	43.85340213775635	3.0	0.0003198933688770412	0.0003763451398553426
346	21	8	2	22.49324321746826	0.0	0.0001599466844385206	0.0002538836260928898
347	21	9	6	14.916062355041504	2.0	0.0005064978340553153	0.0005276019104742868
348	21	3	4	25.588393211364746	4.0	0.00015994668443852024	0.00018817256992767088
349	21	2	8	22.49324321746826	0.0	0.0001599466844385206	0.0002538836260928898
350	21	7	5	12.915849685668945	1.0	0.0005064978340553153	0.0005221627155209437
351	21	7	1	42.59657859802246	4.0	0.0003198933688770405	0.0003297869782237531
352	22	5	7	12.498855590820312	1.0	0.00016	0.00016494845360824745
353	22	5	6	28.52308750152588	2.0	0.0003198933688770412	0.0005421921506390528
354	22	1	4	43.55418682098389	3.0	0.0005064978340553141	0.0005958798047709578
355	22	1	7	42.53804683685303	4.0	0.0003198933688770412	0.00032978697822375383
356	22	20	19	21.585941314697266	4.0	0.00034655114961679384	0.0004620681994890584
357	22	19	20	21.585941314697266	4.0	0.00034655114961679384	0.0004620681994890584
358	22	6	9	14.81485366821289	2.0	0.00015994668443852024	0.00016661112962345858
359	22	6	5	28.52308750152588	2.0	0.0003198933688770412	0.0005421921506390528
360	22	4	3	25.517821311950684	4.0	0.0003198933688770405	0.00037634513985534176
361	22	4	1	43.55418682098389	3.0	0.0005064978340553141	0.0005958798047709578
362	22	8	2	24.815797805786133	0.0	0.0005064978340553141	0.0008039648159608162
363	22	9	6	14.81485366821289	2.0	0.00015994668443852024	0.00016661112962345858
364	22	3	4	25.517821311950684	4.0	0.0003198933688770405	0.00037634513985534176
365	22	2	8	24.815797805786133	0.0	0.0005064978340553141	0.0008039648159608162
366	22	7	5	12.498855590820312	1.0	0.00016	0.00016494845360824745
367	22	7	1	42.53804683685303	4.0	0.0003198933688770412	0.00032978697822375383
368	23	5	7	12.469768524169922	1.0	0.0003194675540765381	0.00032934799389333825
369	23	5	6	28.549909591674805	2.0	0.000319893368877042	0.0005421921506390542
370	23	1	4	43.49660873413086	3.0	0.00016	0.00018823529411764707
371	23	1	7	42.52290725708008	4.0	0.0003194675540765381	0.00032934799389333825
372	23	20	19	21.50404453277588	4.0	0.00032	0.00042666666666666667
373	23	19	20	21.50404453277588	4.0	0.00032	0.00042666666666666667
374	23	6	9	14.513731002807617	2.0	0.00031946755407653957	0.00033277870216306206
375	23	6	5	28.549909591674805	2.0	0.000319893368877042	0.0005421921506390542
376	23	4	3	25.455117225646973	4.0	0.00031946755407653957	0.00037584418126651717
377	23	4	1	43.49660873413086	3.0	0.00016	0.00018823529411764707
378	23	8	2	24.492621421813965	0.0	0.00016	0.000253968253968254
379	23	9	6	14.513731002807617	2.0	0.00031946755407653957	0.00033277870216306206
380	23	3	4	25.455117225646973	4.0	0.00031946755407653957	0.00037584418126651717
381	23	2	8	24.492621421813965	0.0	0.00016	0.000253968253968254
382	23	7	5	12.469768524169922	1.0	0.0003194675540765381	0.00032934799389333825
383	23	7	1	42.52290725708008	4.0	0.0003194675540765381	0.00032934799389333825
384	24	5	7	12.469768524169922	1.0	0.000319893368877042	0.00032978697822375465
385	24	5	6	28.549909591674805	2.0	0.0003198933688770405	0.0005421921506390516
386	24	1	4	43.49660873413086	3.0	0.00032	0.00037647058823529414
387	24	1	7	42.52290725708008	4.0	0.000319893368877042	0.00032978697822375465
388	24	20	19	21.50404453277588	4.0	0.00015994668443852024	0.00021326224591802697
389	24	19	20	21.50404453277588	4.0	0.00015994668443852024	0.00021326224591802697
390	24	6	9	14.513731002807617	2.0	0.00015994668443852024	0.00016661112962345858
391	24	6	5	28.549909591674805	2.0	0.0003198933688770405	0.0005421921506390516
392	24	4	3	25.455117225646973	4.0	0.00015994668443852024	0.00018817256992767088
393	24	4	1	43.49660873413086	3.0	0.00032	0.00037647058823529414
394	24	8	2	24.492621421813965	0.0	0.0003198933688770405	0.0005077672521857786
395	24	9	6	14.513731002807617	2.0	0.00015994668443852024	0.00016661112962345858
396	24	3	4	25.455117225646973	4.0	0.00015994668443852024	0.00018817256992767088
397	24	2	8	24.492621421813965	0.0	0.0003198933688770405	0.0005077672521857786
398	24	7	5	12.469768524169922	1.0	0.000319893368877042	0.00032978697822375465
399	24	7	1	42.52290725708008	4.0	0.000319893368877042	0.00032978697822375465
400	25	5	7	12.898802757263184	1.0	0.00015994668443852024	0.00016489348911187654
401	25	5	6	28.637290000915527	2.0	0.00015994668443852024	0.0002710960753195258
402	25	1	4	43.850064277648926	3.0	0.00031978680879413775	0.00037621977505192673
403	25	1	7	42.713046073913574	4.0	0.00015989340439706887	0.0001648385612340916
404	25	20	19	21.665453910827637	4.0	0.00015989340439706887	0.0002131912058627585
405	25	19	20	21.665453910827637	4.0	0.00015989340439706887	0.0002131912058627585
406	25	6	9	14.862895011901855	2.0	0.00031978680879413623	0.00033311125916055855
407	25	6	5	28.637290000915527	2.0	0.00015994668443852024	0.0002710960753195258
408	25	4	3	25.854825973510742	4.0	0.00031978680879413623	0.000376219775051925
409	25	4	1	43.850064277648926	3.0	0.00031978680879413775	0.00037621977505192673
410	25	8	2	24.573206901550293	0.0	0.00031978680879413775	0.000507598109197044
411	25	9	6	14.862895011901855	2.0	0.00031978680879413623	0.00033311125916055855
412	25	3	4	25.854825973510742	4.0	0.00031978680879413623	0.000376219775051925
413	25	2	8	24.573206901550293	0.0	0.00031978680879413775	0.000507598109197044
414	25	7	5	12.898802757263184	1.0	0.00015994668443852024	0.00016489348911187654
415	25	7	1	42.713046073913574	4.0	0.00015989340439706887	0.0001648385612340916
416	26	5	7	12.540340423583984	1.0	0.0003198933688770405	0.0003297869782237531
417	26	5	6	28.563976287841797	2.0	0.00031978680879413775	0.000542011540329047
418	26	1	4	43.585896492004395	3.0	0.00015994668443852024	0.00018817256992767088
419	26	1	7	42.55020618438721	4.0	0.00015994668443852024	0.00016489348911187654
420	26	20	19	21.541118621826172	4.0	0.0003198933688770405	0.00042652449183605394
421	26	19	20	21.541118621826172	4.0	0.0003198933688770405	0.00042652449183605394
422	26	6	9	14.556288719177246	2.0	0.00031978680879413623	0.00033311125916055855
423	26	6	5	28.563976287841797	2.0	0.00031978680879413775	0.000542011540329047
424	26	4	3	25.546550750732422	4.0	0.000319893368877042	0.00037634513985534355
425	26	4	1	43.585896492004395	3.0	0.00015994668443852024	0.00018817256992767088
426	26	8	2	24.537086486816406	0.0	0.0003198933688770405	0.0005077672521857786
427	26	9	6	14.556288719177246	2.0	0.00031978680879413623	0.00033311125916055855
428	26	3	4	25.546550750732422	4.0	0.000319893368877042	0.00037634513985534355
429	26	2	8	24.537086486816406	0.0	0.0003198933688770405	0.0005077672521857786
430	26	7	5	12.540340423583984	1.0	0.0003198933688770405	0.0003297869782237531
431	26	7	1	42.55020618438721	4.0	0.00015994668443852024	0.00016489348911187654
432	27	5	7	12.558817863464355	1.0	0.00015989340439706887	0.0001648385612340916
433	27	5	6	28.544187545776367	2.0	0.0	0.0
434	27	1	4	43.59722137451172	3.0	0.00031978680879413775	0.00037621977505192673
435	27	1	7	42.647480964660645	4.0	0.00031978680879413775	0.0003296771224681832
436	27	20	19	21.610617637634277	4.0	0.00015989340439706887	0.0002131912058627585
437	27	19	20	21.610617637634277	4.0	0.00015989340439706887	0.0002131912058627585
438	27	6	9	14.586925506591797	2.0	0.00015994668443852024	0.00016661112962345858
439	27	6	5	28.544187545776367	2.0	0.0	0.0
440	27	4	3	24.441123008728027	4.0	0.00015989340439706811	0.0001881098875259625
441	27	4	1	43.59722137451172	3.0	0.00031978680879413775	0.00037621977505192673
442	27	8	2	24.563312530517578	0.0	0.00015994668443852024	0.0002538836260928893
443	27	9	6	14.586925506591797	2.0	0.00015994668443852024	0.00016661112962345858
444	27	3	4	24.441123008728027	4.0	0.00015989340439706811	0.0001881098875259625
445	27	2	8	24.563312530517578	0.0	0.00015994668443852024	0.0002538836260928893
446	27	7	5	12.558817863464355	1.0	0.00015989340439706887	0.0001648385612340916
447	27	7	1	42.647480964660645	4.0	0.00031978680879413775	0.0003296771224681832
448	28	5	7	12.558817863464355	1.0	0.0003195739014647132	0.00032945763037599296
449	28	5	6	28.544187545776367	2.0	0.00032	0.0005423728813559323
450	28	1	4	43.59722137451172	3.0	0.00016005335111703926	0.00018829806013769324
451	28	1	7	42.647480964660645	4.0	0.00031946755407653957	0.00032934799389333977
452	28	20	19	21.610617637634277	4.0	0.00016	0.00021333333333333333
453	28	19	20	21.610617637634277	4.0	0.00016	0.00021333333333333333
454	28	6	9	14.586925506591797	2.0	0.0003195739014647132	0.00033288948069240955
455	28	6	5	28.544187545776367	2.0	0.00032	0.0005423728813559323
456	28	4	3	24.441123008728027	4.0	0.00031946755407653957	0.00037584418126651717
457	28	4	1	43.59722137451172	3.0	0.00016005335111703926	0.00018829806013769324
458	28	8	2	24.563312530517578	0.0	0.00032	0.000507936507936508
459	28	9	6	14.586925506591797	2.0	0.0003195739014647132	0.00033288948069240955
460	28	3	4	24.441123008728027	4.0	0.00031946755407653957	0.00037584418126651717
461	28	2	8	24.563312530517578	0.0	0.00032	0.000507936507936508
462	28	7	5	12.558817863464355	1.0	0.0003195739014647132	0.00032945763037599296
463	28	7	1	42.647480964660645	4.0	0.00031946755407653957	0.00032934799389333977
